<?xml version="1.0" ?>
<questions>
	<question>
		<text>1. What is the difference between UI and UX design?
</text>
		<answer>UI (User Interface) design focuses on the visual and interactive elements of a product, while UX (User Experience) design encompasses the overall experience and usability of the product.</answer>
	</question>
	<question>
		<text>2. How do you approach the UI/UX design process?</text>
		<answer>I follow a user-centered design approach, starting with research and understanding user needs, then creating wireframes and prototypes for testing and iterating on the design based on user feedback.</answer>
	</question>
	<question>
		<text>3. How do you conduct user research?</text>
		<answer>User research involves methods such as interviews, surveys, usability testing, and analyzing user behavior data to gain insights into user needs, preferences, and pain points.</answer>
	</question>
	<question>
		<text>4. How do you prioritize features in a UI/UX project?
</text>
		<answer>I prioritize features based on user needs, business goals, and technical feasibility. I consider factors such as user impact, project timeline, and resources available.</answer>
	</question>
	<question>
		<text>5. How do you ensure a consistent user experience across different devices and platforms?
</text>
		<answer>I follow responsive design principles, adapt the UI to different screen sizes, and conduct usability testing on various devices and platforms to ensure a consistent and optimized experience.</answer>
	</question>
	<question>
		<text>6. How do you design for accessibility in UI/UX?</text>
		<answer>I consider accessibility guidelines (such as WCAG) during the design process, ensuring proper color contrast, providing alternative text for images, and making the product accessible to users with disabilities.</answer>
	</question>
	<question>
		<text>7. How do you handle conflicting design feedback from stakeholders?
</text>
		<answer>I carefully listen to the feedback, analyze its validity based on user needs and design principles, and collaborate with stakeholders to find a balance between their expectations and the design's usability.</answer>
	</question>
	<question>
		<text>8. What tools do you use for UI/UX design?
</text>
		<answer>I am proficient in using design tools such as Sketch, Figma, Adobe XD, and InVision for creating wireframes, prototypes, and mockups.</answer>
	</question>
	<question>
		<text>9. How do you ensure a smooth collaboration with developers?
</text>
		<answer>I maintain open communication with developers, involve them early in the design process, provide design specifications and documentation, and collaborate closely during implementation to address any technical challenges.</answer>
	</question>
	<question>
		<text>10. How do you design intuitive navigation and information architecture?
</text>
		<answer>I conduct user research to understand how users think and organize information. I use techniques like card sorting and user flow diagrams to create a logical and intuitive navigation structure.</answer>
	</question>
	<question>
		<text>11.How do you incorporate user feedback into the design process?</text>
		<answer>I consider user feedback as a valuable source of insights. I conduct usability testing and user interviews, analyze feedback, and iterate on the design based on the findings to improve the user experience.</answer>
	</question>
	<question>
		<text>12. How do you design for mobile-first or responsive design?
</text>
		<answer> I start by designing for the smallest screen size (mobile) and gradually scale up to larger screens. I prioritize essential features, use breakpoints for different screen sizes, and ensure a seamless experience across devices.</answer>
	</question>
	<question>
		<text>13. How do you create a visually appealing UI design?
</text>
		<answer>I pay attention to typography, color theory, spacing, and visual hierarchy to create a visually pleasing design. I use design principles such as balance, contrast, and alignment to make the UI visually appealing and easy to understand.</answer>
	</question>
	<question>
		<text>14. How do you conduct usability testing?
</text>
		<answer>I develop test scenarios, recruit participants, observe their interactions with the product, and gather feedback. I analyze the results to identify usability issues and make necessary design improvements.</answer>
	</question>
	<question>
		<text>15. How do you stay updated on UI/UX design trends?
</text>
		<answer>I regularly follow design blogs, attend design conferences, and participate in online communities to stay informed about the latest UI/UX design trends and best practices.</answer>
	</question>
	<question>
		<text>16. How do you handle tight deadlines in a UI/UX project?</text>
		<answer>I prioritize tasks, focus on essential features, and streamline the design process. I communicate effectively with stakeholders and the development team to manage expectations and deliver the best possible design within the given timeframe.</answer>
	</question>
	<question>
		<text>17. How do you balance user needs with business goals?
</text>
		<answer>I believe in finding a middle ground between user needs and business goals. I conduct user research to understand their needs, align them with the business objectives, and find solutions that satisfy both sides.</answer>
	</question>
	<question>
		<text>18. Can you provide an example of a design challenge you faced and how you overcame it?
</text>
		<answer>For example, I once had to design a complex form with numerous fields. To make it more user-friendly, I conducted user testing, simplified the form by removing non-essential fields, and improved the layout and grouping to enhance the overall usability.</answer>
	</question>
	<question>
		<text>19. How do you handle feedback from usability testing when it contradicts your design decisions?
</text>
		<answer>I consider feedback from usability testing as valuable insights and an opportunity to iterate and improve the design. I carefully evaluate the feedback, conduct additional research if necessary, and make informed decisions based on a combination of user feedback and design expertise.</answer>
	</question>
	<question>
		<text>20. Can you describe a project where you successfully implemented a user-centered design approach?</text>
		<answer>In a recent project, I conducted extensive user research, created wireframes and prototypes, and conducted usability testing at different stages of the design process. The iterative design approach allowed me to identify and address user pain points, resulting in an improved user experience and positive feedback from users.</answer>
	</question>
</questions>
